#,Company,Symbol,Weight,Price,Chg,% Chg
1,Nvidia,NVDA,7.51%,172.53,-5.34,(-3.00%)
2,Microsoft,MSFT,6.95%,523.73,-9.77,(-1.83%)
3,Apple Inc.,AAPL,5.40%,202.3,-5.27,(-2.54%)
4,Amazon,AMZN,4.08%,214.95,-19.16,(-8.19%)
5,Meta Platforms,META,3.36%,747.95,-25.49,(-3.30%)
6,Broadcom,AVGO,2.41%,287.22,-6.48,(-2.21%)
7,Alphabet Inc. (Class A),GOOGL,2.09%,188.49,-3.41,(-1.78%)
8,Alphabet Inc. (Class C),GOOG,1.99%,189.32,-3.54,(-1.84%)
9,Berkshire Hathaway,BRK.B,1.82%,472.46,0.58,(0.12%)
10,"Tesla, Inc.",TSLA,1.74%,301.33,-6.94,(-2.25%)
11,JPMorgan Chase,JPM,1.42%,288.88,-7.36,(-2.48%)
12,Walmart,WMT,1.40%,98.4,0.42,(0.43%)
13,Oracle Corporation,ORCL,1.22%,243.91,-9.87,(-3.89%)
14,Lilly (Eli),LLY,1.22%,761.25,21.18,(2.86%)
15,Visa Inc.,V,1.18%,339.33,-6.15,(-1.78%)
16,Mastercard,MA,0.91%,560.12,-6.35,(-1.12%)
17,Netflix,NFLX,0.88%,1157.72,-1.68,(-0.14%)
18,ExxonMobil,XOM,0.84%,109.62,-2.02,(-1.81%)
19,Costco,COST,0.75%,952.05,12.41,(1.32%)
20,Johnson & Johnson,JNJ,0.72%,167.31,2.56,(1.56%)
21,Home Depot (The),HD,0.66%,373.44,5.93,(1.61%)
22,Palantir Technologies,PLTR,0.65%,155.27,-3.09,(-1.95%)
23,Procter & Gamble,PG,0.63%,150.68,0.21,(0.14%)
24,AbbVie,ABBV,0.62%,195.45,6.42,(3.40%)
25,Bank of America,BAC,0.61%,45.71,-1.56,(-3.29%)
26,Chevron Corporation,CVX,0.55%,151.45,-0.19,(-0.13%)
27,Coca-Cola Company (The),KO,0.53%,68.83,0.94,(1.38%)
28,GE Aerospace,GE,0.51%,269.43,-1.65,(-0.61%)
29,Advanced Micro Devices,AMD,0.49%,170.59,-5.72,(-3.25%)
30,T-Mobile US,TMUS,0.48%,239.05,0.64,(0.27%)
31,Cisco,CSCO,0.47%,67.1,-0.98,(-1.44%)
32,Philip Morris International,PM,0.45%,163.01,-1.04,(-0.63%)
33,Wells Fargo,WFC,0.45%,77.95,-2.69,(-3.33%)
34,Salesforce,CRM,0.43%,250.36,-7.97,(-3.09%)
35,IBM,IBM,0.42%,249.96,-3.19,(-1.26%)
36,Morgan Stanley,MS,0.40%,139.35,-3.11,(-2.18%)
37,Abbott Laboratories,ABT,0.40%,127.23,1.03,(0.82%)
38,Goldman Sachs,GS,0.39%,710.05,-13.54,(-1.87%)
39,McDonald's,MCD,0.39%,302.77,2.69,(0.90%)
40,Intuit,INTU,0.39%,775.48,-9.65,(-1.23%)
41,UnitedHealth Group,UNH,0.38%,237.3,-12.27,(-4.91%)
42,RTX Corporation,RTX,0.37%,156.67,-0.9,(-0.57%)
43,Walt Disney Company (The),DIS,0.37%,116.61,-2.5,(-2.10%)
44,Linde plc,LIN,0.37%,441.5,-18.76,(-4.08%)
45,American Express,AXP,0.37%,294.32,-4.99,(-1.67%)
46,Caterpillar Inc.,CAT,0.36%,428.73,-9.29,(-2.12%)
47,Merck & Co.,MRK,0.36%,79.29,1.16,(1.49%)
48,AT&T,T,0.35%,27.78,0.37,(1.36%)
49,PepsiCo,PEP,0.34%,139.17,1.25,(0.90%)
50,ServiceNow,NOW,0.34%,913.01,-30.11,(-3.19%)
51,Uber,UBER,0.32%,86.94,-0.81,(-0.93%)
52,Verizon,VZ,0.32%,42.91,0.15,(0.34%)
53,GE Vernova,GEV,0.32%,655.83,-4.46,(-0.68%)
54,Thermo Fisher Scientific,TMO,0.31%,464.0,-3.68,(-0.79%)
55,Charles Schwab Corporation,SCHW,0.31%,96.26,-1.47,(-1.50%)
56,Intuitive Surgical,ISRG,0.31%,484.75,3.66,(0.76%)
57,Booking Holdings,BKNG,0.31%,5349.5,-154.56,(-2.81%)
58,BlackRock,BLK,0.30%,1090.0,-16.01,(-1.45%)
59,Citigroup,C,0.30%,91.28,-2.42,(-2.58%)
60,Boeing,BA,0.30%,221.75,-0.09,(-0.04%)
61,S&P Global,SPGI,0.30%,545.5,-5.6,(-1.02%)
62,Texas Instruments,TXN,0.29%,180.63,-0.44,(-0.24%)
63,Qualcomm,QCOM,0.29%,148.0,1.24,(0.84%)
64,Amgen,AMGN,0.29%,297.5,2.4,(0.81%)
65,Accenture,ACN,0.28%,254.96,-12.15,(-4.55%)
66,Boston Scientific,BSX,0.28%,105.59,0.67,(0.64%)
67,Eaton Corporation,ETN,0.27%,381.43,-3.29,(-0.86%)
68,Adobe Inc.,ADBE,0.26%,347.75,-9.94,(-2.78%)
69,Arista Networks,ANET,0.26%,117.23,-5.99,(-4.86%)
70,NextEra Energy,NEE,0.26%,70.55,-0.51,(-0.72%)
71,Stryker Corporation,SYK,0.26%,378.62,-14.11,(-3.59%)
72,Applied Materials,AMAT,0.26%,179.64,-0.43,(-0.24%)
73,Progressive Corporation,PGR,0.25%,242.25,0.21,(0.08%)
74,Gilead Sciences,GILD,0.25%,113.07,0.78,(0.70%)
75,Danaher Corporation,DHR,0.25%,196.02,-1.14,(-0.58%)
76,TJX Companies,TJX,0.25%,125.75,1.22,(0.98%)
77,Honeywell,HON,0.25%,217.89,-4.47,(-2.01%)
78,Deere & Company,DE,0.24%,500.99,-23.38,(-4.46%)
79,Pfizer,PFE,0.24%,23.52,0.23,(0.97%)
80,Capital One,COF,0.24%,208.59,-6.41,(-2.98%)
81,Blackstone Inc.,BX,0.24%,170.33,-2.64,(-1.52%)
82,Union Pacific Corporation,UNP,0.23%,219.51,-2.46,(-1.11%)
83,Amphenol,APH,0.23%,104.14,-2.37,(-2.23%)
84,KKR,KKR,0.23%,142.75,-3.83,(-2.61%)
85,Lowe's,LOW,0.23%,226.4,2.83,(1.27%)
86,Automatic Data Processing,ADP,0.22%,302.26,-7.25,(-2.34%)
87,Lam Research,LRCX,0.22%,96.18,1.33,(1.41%)
88,Comcast,CMCSA,0.22%,32.55,-0.68,(-2.06%)
89,Vertex Pharmaceuticals,VRTX,0.21%,466.26,9.38,(2.05%)
90,ConocoPhillips,COP,0.21%,93.18,-2.16,(-2.27%)
91,KLA Corporation,KLAC,0.21%,888.75,9.72,(1.11%)
92,Micron Technology,MU,0.21%,104.49,-4.65,(-4.26%)
93,Palo Alto Networks,PANW,0.21%,173.13,-0.47,(-0.27%)
94,Medtronic,MDT,0.20%,89.18,-1.06,(-1.18%)
95,Synopsys,SNPS,0.20%,606.28,-27.19,(-4.29%)
96,Welltower,WELL,0.20%,167.24,2.17,(1.32%)
97,CrowdStrike,CRWD,0.20%,445.65,-8.92,(-1.96%)
98,"Nike, Inc.",NKE,0.20%,74.53,-0.16,(-0.22%)
99,Analog Devices,ADI,0.20%,221.27,-3.36,(-1.50%)
100,Constellation Energy,CEG,0.19%,341.35,-6.49,(-1.87%)
101,Chubb Limited,CB,0.19%,267.5,1.46,(0.55%)
102,Intercontinental Exchange,ICE,0.19%,184.0,-0.83,(-0.45%)
103,DoorDash,DASH,0.19%,248.5,-1.75,(-0.70%)
104,Southern Company,SO,0.19%,95.01,0.53,(0.56%)
105,Altria,MO,0.19%,61.83,-0.11,(-0.19%)
106,CME Group,CME,0.18%,281.29,3.01,(1.08%)
107,American Tower,AMT,0.18%,214.63,6.24,(2.99%)
108,Starbucks,SBUX,0.18%,86.83,-2.33,(-2.61%)
109,Lockheed Martin,LMT,0.18%,422.01,1.02,(0.24%)
110,Prologis,PLD,0.18%,106.13,-0.65,(-0.61%)
111,Marsh McLennan,MMC,0.17%,197.69,-1.51,(-0.76%)
112,Cadence Design Systems,CDNS,0.17%,356.2,-8.37,(-2.30%)
113,Trane Technologies,TT,0.17%,435.0,-3.08,(-0.70%)
114,Duke Energy,DUK,0.17%,122.88,1.23,(1.02%)
115,Waste Management,WM,0.16%,229.19,0.03,(0.01%)
116,Parker Hannifin,PH,0.16%,710.24,-21.66,(-2.96%)
117,Bristol Myers Squibb,BMY,0.16%,44.33,1.02,(2.34%)
118,Moody's Corporation,MCO,0.16%,501.27,-14.46,(-2.80%)
119,Cintas,CTAS,0.16%,222.73,0.17,(0.08%)
120,TransDigm Group,TDG,0.16%,1593.5,-14.96,(-0.93%)
121,McKesson Corporation,MCK,0.16%,698.27,4.73,(0.68%)
122,Sherwin-Williams,SHW,0.15%,345.84,14.95,(4.52%)
123,Dell Technologies,DELL,0.15%,127.02,-5.67,(-4.27%)
124,HCA Healthcare,HCA,0.15%,356.99,3.0,(0.85%)
125,Royal Caribbean Group,RCL,0.15%,312.13,-5.74,(-1.81%)
126,Intel,INTC,0.15%,19.27,-0.53,(-2.68%)
127,O'Reilly Auto Parts,ORLY,0.15%,99.2,0.88,(0.90%)
128,Northrop Grumman,NOC,0.15%,583.5,6.89,(1.19%)
129,Mondelez International,MDLZ,0.15%,64.38,-0.31,(-0.49%)
130,General Dynamics,GD,0.15%,305.64,-5.98,(-1.92%)
131,Emerson Electric,EMR,0.14%,143.5,-2.01,(-1.38%)
132,Coinbase Global,COIN,0.14%,313.78,-63.98,(-16.94%)
133,CVS Health,CVS,0.14%,62.58,0.48,(0.76%)
134,Airbnb,ABNB,0.14%,128.2,-4.22,(-3.18%)
135,Apollo Global Management,APO,0.14%,137.14,-8.18,(-5.63%)
136,3M,MMM,0.14%,144.5,-4.72,(-3.16%)
137,Aon,AON,0.14%,353.31,-2.4,(-0.68%)
138,Equinix,EQIX,0.13%,772.5,-12.67,(-1.61%)
139,Fortinet,FTNT,0.13%,97.69,-2.21,(-2.21%)
140,Howmet Aerospace,HWM,0.13%,184.4,4.63,(2.58%)
141,PNC Financial Services,PNC,0.13%,188.83,-1.44,(-0.76%)
142,Illinois Tool Works,ITW,0.13%,252.3,-3.67,(-1.43%)
143,Ecolab,ECL,0.13%,260.9,-0.86,(-0.33%)
144,Fiserv,FI,0.13%,135.43,-3.51,(-2.53%)
145,Williams Companies,WMB,0.13%,60.14,0.18,(0.31%)
146,Republic Services,RSG,0.13%,233.09,2.44,(1.06%)
147,Motorola Solutions,MSI,0.13%,435.25,-3.74,(-0.85%)
148,Arthur J. Gallagher & Co.,AJG,0.13%,282.33,-4.93,(-1.71%)
149,United Parcel Service,UPS,0.13%,84.9,-1.27,(-1.47%)
150,Cigna,CI,0.13%,266.45,-0.93,(-0.35%)
151,Johnson Controls,JCI,0.13%,107.39,2.39,(2.27%)
152,BNY Mellon,BK,0.13%,100.13,-1.32,(-1.30%)
153,Vistra Corp.,VST,0.13%,207.72,-0.82,(-0.39%)
154,Marriott International,MAR,0.12%,255.53,-8.3,(-3.15%)
155,Colgate-Palmolive,CL,0.12%,85.0,1.15,(1.37%)
156,Newmont,NEM,0.12%,62.62,0.52,(0.84%)
157,U.S. Bancorp,USB,0.12%,43.97,-0.99,(-2.21%)
158,Zoetis,ZTS,0.12%,147.37,1.58,(1.08%)
159,CSX Corporation,CSX,0.12%,35.03,-0.52,(-1.45%)
160,AutoZone,AZO,0.12%,3856.94,88.55,(2.35%)
161,PayPal,PYPL,0.11%,67.11,-1.65,(-2.40%)
162,EOG Resources,EOG,0.11%,116.59,-3.43,(-2.86%)
163,Autodesk,ADSK,0.11%,297.0,-6.11,(-2.02%)
164,Air Products,APD,0.11%,282.18,-5.7,(-1.98%)
165,Kinder Morgan,KMI,0.11%,28.0,-0.06,(-0.23%)
166,Elevance Health,ELV,0.11%,274.48,-8.6,(-3.04%)
167,Norfolk Southern Railway,NSC,0.11%,274.48,-3.52,(-1.27%)
168,Hilton Worldwide,HLT,0.11%,260.93,-7.15,(-2.67%)
169,Regeneron Pharmaceuticals,REGN,0.11%,564.0,18.54,(3.40%)
170,American Electric Power,AEP,0.11%,113.6,0.45,(0.40%)
171,TE Connectivity,TEL,0.11%,201.85,-3.91,(-1.90%)
172,"Workday, Inc.",WDAY,0.11%,221.6,-7.78,(-3.39%)
173,Digital Realty,DLR,0.10%,171.75,-4.69,(-2.66%)
174,Roper Technologies,ROP,0.10%,543.34,-7.06,(-1.28%)
175,Monster Beverage,MNST,0.10%,59.79,1.03,(1.76%)
176,Travelers Companies (The),TRV,0.10%,258.32,-1.93,(-0.74%)
177,Axon Enterprise,AXON,0.10%,741.56,-13.94,(-1.84%)
178,Quanta Services,PWR,0.10%,388.82,-17.31,(-4.26%)
179,Carrier Global,CARR,0.10%,67.15,-1.48,(-2.15%)
180,Chipotle Mexican Grill,CMG,0.10%,42.54,-0.34,(-0.79%)
181,United Rentals,URI,0.10%,873.4,-9.55,(-1.08%)
182,Freeport-McMoRan,FCX,0.10%,40.13,-0.11,(-0.27%)
183,Cencora,COR,0.10%,288.7,2.62,(0.91%)
184,Truist Financial,TFC,0.10%,43.05,-0.66,(-1.52%)
185,"Nasdaq, Inc.",NDAQ,0.10%,95.2,-1.02,(-1.06%)
186,Aflac,AFL,0.10%,99.06,-0.3,(-0.31%)
187,Corning Inc.,GLW,0.09%,62.13,-1.11,(-1.76%)
188,NXP Semiconductors,NXPI,0.09%,209.9,-3.87,(-1.81%)
189,Sempra,SRE,0.09%,80.97,-0.71,(-0.87%)
190,Simon Property Group,SPG,0.09%,161.24,-2.55,(-1.56%)
191,Fastenal,FAST,0.09%,45.69,-0.45,(-0.96%)
192,L3Harris,LHX,0.09%,279.51,4.69,(1.71%)
193,Allstate,ALL,0.09%,195.56,-7.69,(-3.79%)
194,Becton Dickinson,BDX,0.09%,180.15,1.9,(1.06%)
195,Dominion Energy,D,0.09%,60.45,2.0,(3.42%)
196,Marathon Petroleum,MPC,0.09%,166.94,-3.25,(-1.91%)
197,FedEx,FDX,0.09%,217.15,-6.34,(-2.84%)
198,Realty Income,O,0.09%,56.59,0.45,(0.81%)
199,Paccar,PCAR,0.09%,96.45,-2.31,(-2.34%)
200,Paychex,PAYX,0.09%,139.68,-4.66,(-3.23%)
201,General Motors,GM,0.09%,52.43,-0.91,(-1.71%)
202,MetLife,MET,0.09%,74.12,-1.83,(-2.41%)
203,Public Storage,PSA,0.09%,282.5,10.56,(3.88%)
204,Schlumberger,SLB,0.09%,33.1,-0.7,(-2.07%)
205,ONEOK,OKE,0.09%,79.03,-3.08,(-3.76%)
206,Corteva,CTVA,0.09%,71.75,-0.38,(-0.53%)
207,Phillips 66,PSX,0.09%,121.0,-2.58,(-2.09%)
208,Cummins,CMI,0.09%,352.92,-14.7,(-4.00%)
209,Ameriprise Financial,AMP,0.08%,501.72,-16.47,(-3.18%)
210,Kroger,KR,0.08%,71.51,1.41,(2.00%)
211,Datadog,DDOG,0.08%,135.25,-4.73,(-3.38%)
212,Edwards Lifesciences,EW,0.08%,79.39,0.08,(0.10%)
213,Crown Castle,CCI,0.08%,105.98,0.89,(0.85%)
214,CBRE Group,CBRE,0.08%,154.62,-1.13,(-0.72%)
215,Exelon,EXC,0.08%,45.16,0.22,(0.49%)
216,Block,XYZ,0.08%,73.75,-3.52,(-4.55%)
217,Target Corporation,TGT,0.08%,99.75,-0.75,(-0.75%)
218,W. W. Grainger,GWW,0.08%,939.49,-100.05,(-9.62%)
219,Ross Stores,ROST,0.08%,137.55,1.01,(0.74%)
220,D. R. Horton,DHI,0.08%,150.76,7.91,(5.54%)
221,Keurig Dr Pepper,KDP,0.08%,33.06,0.41,(1.24%)
222,American International Group,AIG,0.08%,77.0,-0.63,(-0.81%)
223,Copart,CPRT,0.08%,45.73,0.4,(0.88%)
224,Kimberly-Clark,KMB,0.08%,132.0,7.38,(5.92%)
225,Public Service Enterprise Group,PEG,0.08%,87.13,-2.66,(-2.96%)
226,Baker Hughes,BKR,0.08%,43.75,-1.3,(-2.89%)
227,Idexx Laboratories,IDXX,0.08%,535.87,1.56,(0.29%)
228,MSCI,MSCI,0.08%,556.21,-5.15,(-0.92%)
229,Ford Motor Company,F,0.08%,10.8,-0.27,(-2.45%)
230,Occidental Petroleum,OXY,0.08%,43.5,-0.44,(-1.00%)
231,Diamondback Energy,FANG,0.08%,146.0,-2.66,(-1.79%)
232,eBay,EBAY,0.08%,92.2,0.45,(0.49%)
233,Ametek,AME,0.08%,182.33,-2.52,(-1.36%)
234,The Trade Desk,TTD,0.08%,86.03,-0.93,(-1.08%)
235,Xcel Energy,XEL,0.07%,72.51,-0.93,(-1.27%)
236,Valero Energy,VLO,0.07%,133.82,-3.49,(-2.54%)
237,Garmin,GRMN,0.07%,215.77,-2.99,(-1.37%)
238,Kenvue,KVUE,0.07%,21.63,0.19,(0.87%)
239,Take-Two Interactive,TTWO,0.07%,225.0,2.27,(1.02%)
240,Fidelity National Information Services,FIS,0.07%,78.37,-1.04,(-1.31%)
241,ResMed,RMD,0.07%,279.15,7.21,(2.65%)
242,Yum! Brands,YUM,0.07%,145.18,1.03,(0.71%)
243,CoStar Group,CSGP,0.07%,94.65,-0.55,(-0.57%)
244,Electronic Arts,EA,0.07%,158.94,6.44,(4.23%)
245,Entergy,ETR,0.07%,88.96,-1.47,(-1.62%)
246,Carnival,CCL,0.07%,29.04,-0.73,(-2.45%)
247,Verisk Analytics,VRSK,0.07%,279.13,0.42,(0.15%)
248,Hershey Company (The),HSY,0.07%,191.67,5.54,(2.98%)
249,Rockwell Automation,ROK,0.07%,342.76,-8.95,(-2.55%)
250,Sysco,SYY,0.07%,79.88,0.28,(0.35%)
251,Monolithic Power Systems,MPWR,0.07%,783.15,71.9,(10.11%)
252,Cardinal Health,CAH,0.07%,156.22,1.0,(0.64%)
253,Consolidated Edison,ED,0.07%,102.84,-0.67,(-0.64%)
254,Vulcan Materials Company,VMC,0.07%,275.54,0.87,(0.31%)
255,Charter Communications,CHTR,0.06%,264.48,-4.88,(-1.81%)
256,Microchip Technology,MCHP,0.06%,66.5,-1.09,(-1.62%)
257,Las Vegas Sands,LVS,0.06%,52.15,-0.25,(-0.47%)
258,Prudential Financial,PRU,0.06%,100.85,-2.73,(-2.64%)
259,WEC Energy Group,WEC,0.06%,110.24,1.16,(1.06%)
260,Targa Resources,TRGP,0.06%,162.94,-3.47,(-2.09%)
261,Vici Properties,VICI,0.06%,33.11,0.51,(1.56%)
262,Cognizant,CTSH,0.06%,71.06,-0.7,(-0.98%)
263,Martin Marietta Materials,MLM,0.06%,574.85,-0.03,(-0.01%)
264,Xylem Inc.,XYL,0.06%,142.23,-2.4,(-1.66%)
265,Hartford (The),HIG,0.06%,123.01,-1.39,(-1.11%)
266,Live Nation Entertainment,LYV,0.06%,146.14,-1.56,(-1.06%)
267,Otis Worldwide,OTIS,0.06%,85.91,0.22,(0.26%)
268,Fair Isaac,FICO,0.06%,1383.5,-53.22,(-3.70%)
269,Supermicro,SMCI,0.06%,56.39,-2.58,(-4.38%)
270,Delta Air Lines,DAL,0.06%,51.17,-2.05,(-3.84%)
271,Arch Capital Group,ACGL,0.06%,88.66,2.59,(3.02%)
272,NRG Energy,NRG,0.06%,168.7,1.5,(0.90%)
273,Seagate Technology,STX,0.06%,153.88,-3.13,(-2.00%)
274,Estée Lauder Companies (The),EL,0.06%,91.08,-2.27,(-2.43%)
275,EQT Corporation,EQT,0.06%,52.35,-1.41,(-2.61%)
276,Raymond James Financial,RJF,0.06%,163.04,-4.09,(-2.45%)
277,Nucor,NUE,0.06%,140.59,-2.48,(-1.73%)
278,Kraft Heinz,KHC,0.06%,27.39,-0.07,(-0.25%)
279,Agilent Technologies,A,0.06%,113.51,-1.31,(-1.14%)
280,Warner Bros. Discovery,WBD,0.06%,12.96,-0.21,(-1.63%)
281,GE HealthCare,GEHC,0.06%,70.1,-1.22,(-1.71%)
282,State Street Corporation,STT,0.06%,111.18,-0.58,(-0.51%)
283,IQVIA,IQV,0.06%,186.25,0.39,(0.21%)
284,Wabtec,WAB,0.06%,184.8,-7.25,(-3.78%)
285,Dexcom,DXCM,0.06%,79.75,-1.02,(-1.27%)
286,Willis Towers Watson,WTW,0.06%,313.78,-2.03,(-0.64%)
287,PG&E Corporation,PCG,0.06%,14.11,0.09,(0.64%)
288,Ventas,VTR,0.05%,67.5,0.32,(0.48%)
289,Brown & Brown,BRO,0.05%,92.26,0.88,(0.97%)
290,Ingersoll Rand,IR,0.05%,74.94,-9.69,(-11.46%)
291,Extra Space Storage,EXR,0.05%,141.74,7.38,(5.50%)
292,Old Dominion,ODFL,0.05%,142.24,-7.01,(-4.70%)
293,Lennar,LEN,0.05%,115.99,3.81,(3.40%)
294,Tractor Supply,TSCO,0.05%,56.57,-0.39,(-0.68%)
295,Equifax,EFX,0.05%,242.21,1.98,(0.82%)
296,Humana,HUM,0.05%,247.28,-2.59,(-1.04%)
297,DuPont,DD,0.05%,70.33,-1.57,(-2.18%)
298,Constellation Brands,STZ,0.05%,166.71,-0.33,(-0.20%)
299,M&T Bank,MTB,0.05%,184.92,-3.78,(-2.00%)
300,DTE Energy,DTE,0.05%,139.03,0.62,(0.44%)
301,Broadridge Financial Solutions,BR,0.05%,244.65,-2.86,(-1.16%)
302,American Water Works,AWK,0.05%,144.28,4.04,(2.88%)
303,Iron Mountain,IRM,0.05%,94.47,-2.89,(-2.97%)
304,"Rollins, Inc.",ROL,0.05%,57.42,0.15,(0.26%)
305,Kellanova,K,0.05%,79.89,0.06,(0.07%)
306,Ameren,AEE,0.05%,102.1,0.97,(0.95%)
307,United Airlines Holdings,UAL,0.05%,84.5,-3.81,(-4.31%)
308,Keysight Technologies,KEYS,0.05%,158.73,-5.19,(-3.16%)
309,Fifth Third Bancorp,FITB,0.05%,40.91,-0.66,(-1.59%)
310,General Mills,GIS,0.05%,49.16,0.18,(0.37%)
311,Western Digital,WDC,0.05%,76.02,-2.67,(-3.40%)
312,PPL Corporation,PPL,0.05%,35.64,-0.05,(-0.15%)
313,W. R. Berkley Corporation,WRB,0.05%,69.24,0.43,(0.62%)
314,AvalonBay Communities,AVB,0.05%,184.45,-1.83,(-0.98%)
315,Archer Daniels Midland,ADM,0.05%,54.3,0.12,(0.22%)
316,Hewlett Packard Enterprise,HPE,0.05%,19.87,-0.82,(-3.97%)
317,Veralto,VLTO,0.05%,104.74,-0.09,(-0.09%)
318,Cboe Global Markets,CBOE,0.05%,243.5,2.46,(1.02%)
319,Gartner,IT,0.05%,330.65,-8.0,(-2.36%)
320,Teledyne Technologies,TDY,0.05%,542.74,-8.28,(-1.50%)
321,PTC Inc.,PTC,0.05%,211.68,-3.13,(-1.46%)
322,CenterPoint Energy,CNP,0.05%,38.89,0.06,(0.17%)
323,Synchrony Financial,SYF,0.04%,67.51,-2.17,(-3.11%)
324,Tyler Technologies,TYL,0.04%,581.97,-2.59,(-0.44%)
325,Verisign,VRSN,0.04%,268.0,-0.87,(-0.32%)
326,Mettler Toledo,MTD,0.04%,1197.95,-35.74,(-2.90%)
327,FirstEnergy,FE,0.04%,43.02,0.31,(0.73%)
328,Atmos Energy,ATO,0.04%,155.8,-0.13,(-0.08%)
329,SBA Communications,SBAC,0.04%,228.58,3.85,(1.72%)
330,International Paper,IP,0.04%,46.3,-0.44,(-0.94%)
331,Expand Energy,EXE,0.04%,101.96,-2.82,(-2.69%)
332,Northern Trust,NTRS,0.04%,127.09,-2.92,(-2.24%)
333,Dover Corporation,DOV,0.04%,175.7,-5.44,(-3.01%)
334,Eversource Energy,ES,0.04%,65.53,-0.57,(-0.86%)
335,Dollar Tree,DLTR,0.04%,115.25,1.7,(1.50%)
336,PPG Industries,PPG,0.04%,105.31,-0.19,(-0.18%)
337,Dollar General,DG,0.04%,108.59,3.69,(3.52%)
338,Equity Residential,EQR,0.04%,62.74,-0.46,(-0.73%)
339,Darden Restaurants,DRI,0.04%,203.49,1.82,(0.90%)
340,Church & Dwight,CHD,0.04%,95.91,2.14,(2.28%)
341,Huntington Bancshares,HBAN,0.04%,16.07,-0.36,(-2.22%)
342,ON Semiconductor,ON,0.04%,56.3,-0.06,(-0.11%)
343,Jabil,JBL,0.04%,218.32,-4.85,(-2.18%)
344,HP Inc.,HPQ,0.04%,24.89,0.09,(0.36%)
345,Lululemon Athletica,LULU,0.04%,193.32,-7.21,(-3.59%)
346,Smurfit WestRock,SW,0.04%,44.34,-0.05,(-0.10%)
347,PulteGroup,PHM,0.04%,117.06,4.14,(3.67%)
348,Williams-Sonoma,WSM,0.04%,187.7,0.65,(0.35%)
349,T. Rowe Price,TROW,0.04%,104.17,2.72,(2.68%)
350,Cincinnati Financial,CINF,0.04%,146.19,-1.32,(-0.89%)
351,Ulta Beauty,ULTA,0.04%,507.59,-7.42,(-1.44%)
352,Hubbell Incorporated,HUBB,0.04%,427.22,-10.27,(-2.35%)
353,Expedia Group,EXPE,0.04%,176.46,-3.76,(-2.09%)
354,Regions Financial Corporation,RF,0.04%,25.0,-0.33,(-1.30%)
355,GoDaddy,GDDY,0.04%,156.58,-5.01,(-3.10%)
356,Corpay,CPAY,0.04%,316.34,-6.71,(-2.08%)
357,Steris,STE,0.04%,226.51,0.02,(0.01%)
358,"Tapestry, Inc.",TPR,0.04%,107.17,-0.86,(-0.80%)
359,CDW,CDW,0.04%,168.89,-5.49,(-3.15%)
360,CMS Energy,CMS,0.04%,73.86,0.06,(0.08%)
361,Texas Pacific Land Corporation,TPL,0.04%,949.0,-19.13,(-1.98%)
362,LabCorp,LH,0.04%,261.43,1.35,(0.52%)
363,"NVR, Inc.",NVR,0.04%,7761.55,212.06,(2.81%)
364,Amcor,AMCR,0.04%,9.4,0.04,(0.48%)
365,Lennox International,LII,0.04%,605.69,-3.31,(-0.54%)
366,Devon Energy,DVN,0.04%,32.22,-1.0,(-3.01%)
367,Leidos,LDOS,0.04%,159.21,-0.44,(-0.28%)
368,Edison International,EIX,0.04%,53.15,1.03,(1.98%)
369,Citizens Financial Group,CFG,0.04%,46.88,-0.84,(-1.76%)
370,NetApp,NTAP,0.04%,101.1,-3.03,(-2.91%)
371,NiSource,NI,0.04%,42.77,0.32,(0.75%)
372,Insulet Corporation,PODD,0.04%,284.95,-3.45,(-1.20%)
373,Trimble Inc.,TRMB,0.04%,83.51,-0.38,(-0.45%)
374,First Solar,FSLR,0.04%,183.73,9.0,(5.15%)
375,KeyCorp,KEY,0.03%,17.62,-0.31,(-1.70%)
376,Biogen,BIIB,0.03%,132.25,4.25,(3.32%)
377,Loews Corporation,L,0.03%,92.0,1.46,(1.61%)
378,Quest Diagnostics,DGX,0.03%,170.86,3.44,(2.06%)
379,Global Payments,GPN,0.03%,78.15,-1.8,(-2.25%)
380,Tyson Foods,TSN,0.03%,52.54,0.23,(0.45%)
381,McCormick & Company,MKC,0.03%,69.64,-0.99,(-1.41%)
382,Invitation Homes,INVH,0.03%,30.3,-0.35,(-1.14%)
383,Halliburton,HAL,0.03%,21.63,-0.77,(-3.42%)
384,Erie Indemnity,ERIE,0.03%,350.87,-5.38,(-1.51%)
385,Steel Dynamics,STLD,0.03%,123.5,-4.06,(-3.19%)
386,Coterra,CTRA,0.03%,23.98,-0.41,(-1.68%)
387,Weyerhaeuser,WY,0.03%,25.12,0.06,(0.26%)
388,Zimmer Biomet,ZBH,0.03%,90.5,-1.15,(-1.25%)
389,LyondellBasell,LYB,0.03%,55.7,-2.23,(-3.84%)
390,Genuine Parts Company,GPC,0.03%,128.3,-0.58,(-0.45%)
391,Waters Corporation,WAT,0.03%,299.0,10.24,(3.55%)
392,International Flavors & Fragrances,IFF,0.03%,69.48,-1.55,(-2.18%)
393,Gen Digital,GEN,0.03%,28.82,-0.67,(-2.27%)
394,"F5, Inc.",FFIV,0.03%,307.21,-6.21,(-1.98%)
395,Ralph Lauren Corporation,RL,0.03%,288.42,-10.33,(-3.46%)
396,Packaging Corporation of America,PKG,0.03%,191.31,-2.44,(-1.26%)
397,Zebra Technologies,ZBRA,0.03%,335.27,-3.75,(-1.11%)
398,West Pharmaceutical Services,WST,0.03%,236.46,-2.8,(-1.17%)
399,Teradyne,TER,0.03%,105.0,-2.43,(-2.26%)
400,Principal Financial Group,PFG,0.03%,75.52,-2.31,(-2.97%)
401,Alliant Energy,LNT,0.03%,65.47,0.46,(0.71%)
402,Mid-America Apartment Communities,MAA,0.03%,139.99,-2.44,(-1.72%)
403,Jacobs Solutions,J,0.03%,139.1,-2.78,(-1.96%)
404,Pentair,PNR,0.03%,101.14,-1.06,(-1.04%)
405,Snap-on,SNA,0.03%,317.81,-3.38,(-1.05%)
406,Essex Property Trust,ESS,0.03%,256.72,-3.46,(-1.33%)
407,Evergy,EVRG,0.03%,71.84,1.04,(1.47%)
408,Fortive,FTV,0.03%,47.02,-0.91,(-1.91%)
409,Domino's,DPZ,0.03%,466.2,2.99,(0.65%)
410,Ball Corporation,BALL,0.03%,56.84,-0.42,(-0.73%)
411,Expeditors International,EXPD,0.03%,114.64,-1.6,(-1.38%)
412,Southwest Airlines,LUV,0.03%,29.83,-1.11,(-3.57%)
413,Bunge Global,BG,0.03%,78.0,-1.76,(-2.21%)
414,Hormel Foods,HRL,0.03%,28.27,0.18,(0.64%)
415,Dow Inc.,DOW,0.03%,21.88,-1.41,(-6.08%)
416,Deckers Brands,DECK,0.03%,103.78,-2.39,(-2.26%)
417,Clorox,CLX,0.03%,124.5,-1.06,(-0.84%)
418,Incyte,INCY,0.03%,77.07,2.17,(2.90%)
419,CF Industries,CF,0.03%,91.5,-1.33,(-1.43%)
420,FactSet,FDS,0.03%,391.25,-11.65,(-2.89%)
421,Masco,MAS,0.03%,68.87,0.73,(1.08%)
422,Hologic,HOLX,0.03%,65.13,-1.69,(-2.54%)
423,Builders FirstSource,BLDR,0.03%,130.37,3.24,(2.54%)
424,Aptiv,APTV,0.03%,65.4,-3.24,(-4.72%)
425,Allegion,ALLE,0.03%,165.04,-0.88,(-0.53%)
426,Cooper Companies (The),COO,0.03%,70.88,0.19,(0.27%)
427,Kimco Realty,KIM,0.03%,20.73,-0.5,(-2.38%)
428,Everest Group,EG,0.02%,329.0,-6.8,(-2.03%)
429,Textron,TXT,0.02%,78.39,0.62,(0.79%)
430,Omnicom Group,OMC,0.02%,71.61,-0.44,(-0.62%)
431,J.B. Hunt,JBHT,0.02%,140.72,-3.34,(-2.32%)
432,Best Buy,BBY,0.02%,64.4,-0.67,(-1.02%)
433,Brown–Forman,BF.B,0.02%,28.74,-0.11,(-0.38%)
434,TKO Group Holdings,TKO,0.02%,165.5,-2.51,(-1.49%)
435,C.H. Robinson,CHRW,0.02%,113.89,-1.43,(-1.24%)
436,Avery Dennison,AVY,0.02%,165.79,-1.99,(-1.18%)
437,Alexandria Real Estate Equities,ARE,0.02%,75.38,-1.05,(-1.37%)
438,"UDR, Inc.",UDR,0.02%,38.68,-0.62,(-1.57%)
439,Regency Centers,REG,0.02%,70.49,-0.91,(-1.27%)
440,Centene Corporation,CNC,0.02%,25.89,-0.18,(-0.69%)
441,Solventum,SOLV,0.02%,73.0,1.64,(2.30%)
442,Paycom,PAYC,0.02%,225.1,-6.44,(-2.78%)
443,Franklin Resources,BEN,0.02%,23.4,-0.6,(-2.50%)
444,Jack Henry & Associates,JKHY,0.02%,167.27,-2.54,(-1.50%)
445,IDEX Corporation,IEX,0.02%,159.09,-4.42,(-2.70%)
446,Fox Corporation (Class B),FOX,0.02%,50.74,-0.41,(-0.79%)
447,Fox Corporation (Class A),FOXA,0.02%,55.53,-0.23,(-0.42%)
448,Pool Corporation,POOL,0.02%,315.0,6.86,(2.23%)
449,Nordson Corporation,NDSN,0.02%,209.16,-5.06,(-2.36%)
450,Healthpeak Properties,DOC,0.02%,16.82,-0.12,(-0.71%)
451,J.M. Smucker Company (The),SJM,0.02%,108.57,1.22,(1.14%)
452,Generac,GNRC,0.02%,194.21,-0.48,(-0.25%)
453,Camden Property Trust,CPT,0.02%,106.98,-2.23,(-2.04%)
454,Baxter International,BAX,0.02%,22.17,0.41,(1.90%)
455,Globe Life,GL,0.02%,136.8,-3.67,(-2.61%)
456,Wynn Resorts,WYNN,0.02%,107.74,-1.29,(-1.18%)
457,Mosaic Company (The),MOS,0.02%,35.04,-0.98,(-2.71%)
458,News Corp (Class A),NWSA,0.02%,29.09,-0.23,(-0.80%)
459,Norwegian Cruise Line Holdings,NCLH,0.02%,24.46,-1.1,(-4.29%)
460,Pinnacle West,PNW,0.02%,90.69,0.06,(0.07%)
461,Host Hotels & Resorts,HST,0.02%,15.56,-0.16,(-1.04%)
462,Huntington Ingalls Industries,HII,0.02%,274.0,-4.87,(-1.74%)
463,Moderna,MRNA,0.02%,27.73,-1.83,(-6.20%)
464,Akamai Technologies,AKAM,0.02%,73.88,-2.44,(-3.19%)
465,Universal Health Services,UHS,0.02%,162.5,-3.95,(-2.37%)
466,DaVita,DVA,0.02%,138.43,-1.94,(-1.38%)
467,Stanley Black & Decker,SWK,0.02%,67.23,-0.42,(-0.62%)
468,Revvity,RVTY,0.02%,88.22,0.31,(0.36%)
469,Hasbro,HAS,0.02%,74.17,-0.99,(-1.32%)
470,Viatris,VTRS,0.02%,8.83,0.09,(0.98%)
471,"BXP, Inc.",BXP,0.02%,65.18,-0.25,(-0.39%)
472,Skyworks Solutions,SWKS,0.02%,68.6,0.06,(0.09%)
473,Walgreens Boots Alliance,WBA,0.02%,11.68,0.04,(0.34%)
474,Align Technology,ALGN,0.02%,137.35,8.34,(6.46%)
475,MGM Resorts,MGM,0.02%,35.95,-0.5,(-1.37%)
476,Molson Coors Beverage Company,TAP,0.02%,48.33,-0.39,(-0.79%)
477,A. O. Smith,AOS,0.02%,69.67,-1.12,(-1.59%)
478,Campbell Soup Company,CPB,0.02%,32.3,0.38,(1.19%)
479,AES Corporation,AES,0.02%,13.28,0.13,(0.99%)
480,Assurant,AIZ,0.02%,186.18,-1.13,(-0.60%)
481,Invesco,IVZ,0.02%,20.42,-0.59,(-2.81%)
482,Interpublic Group of Companies (The),IPG,0.02%,24.24,-0.36,(-1.46%)
483,Dayforce,DAY,0.02%,55.28,-2.4,(-4.15%)
484,Conagra Brands,CAG,0.02%,18.48,0.22,(1.18%)
485,Paramount Global,PARA,0.02%,12.97,0.4,(3.17%)
486,EPAM Systems,EPAM,0.02%,152.55,-5.16,(-3.27%)
487,Bio-Techne,TECH,0.02%,54.26,-0.47,(-0.87%)
488,Henry Schein,HSIC,0.02%,67.99,0.33,(0.50%)
489,CarMax,KMX,0.02%,56.58,-0.03,(-0.06%)
490,Molina Healthcare,MOH,0.01%,154.5,-3.38,(-2.14%)
491,Match Group,MTCH,0.01%,33.5,-0.77,(-2.25%)
492,Charles River Laboratories,CRL,0.01%,166.9,-2.74,(-1.62%)
493,Albemarle Corporation,ALB,0.01%,68.22,0.37,(0.54%)
494,Federal Realty Investment Trust,FRT,0.01%,92.01,-0.15,(-0.16%)
495,Lamb Weston,LW,0.01%,56.77,-0.3,(-0.53%)
496,MarketAxess,MKTX,0.01%,207.69,2.19,(1.07%)
497,LKQ Corporation,LKQ,0.01%,30.11,0.64,(2.17%)
498,Mohawk Industries,MHK,0.01%,115.35,0.84,(0.73%)
499,Eastman Chemical Company,EMN,0.01%,58.78,-13.84,(-19.05%)
500,APA Corporation,APA,0.01%,18.55,-0.74,(-3.84%)
501,News Corp (Class B),NWS,0.01%,33.25,-0.17,(-0.51%)
502,Caesars Entertainment,CZR,0.01%,25.68,-1.0,(-3.75%)
503,Enphase Energy,ENPH,0.01%,31.56,-0.8,(-2.47%)
